<?xml version="1.0" encoding="UTF-8" standalone="no"?>
<registration_data version="1.0">
   <environment>
      <hostname>POZMW030018</hostname>
      <hostId/>
      <osName>Windows 7</osName>
      <osVersion>6.1</osVersion>
      <osArchitecture>x86</osArchitecture>
      <systemModel>HP EliteBook 840 G1</systemModel>
      <systemManufacturer>Hewlett-Packard</systemManufacturer>
      <cpuManufacturer>GenuineIntel</cpuManufacturer>
      <serialNumber>CNU419988T</serialNumber>
   </environment>
   <registry urn="urn:st:a7aefe1b-8abc-4563-96c5-f1c19a87dd59" version="1.0">
      <service_tag>
         <instance_urn>urn:st:e42d1c0f-8ead-4cf9-96d1-aba499625f97</instance_urn>
         <product_name>Java SE 7 Development Kit</product_name>
         <product_version>1.7.0_04</product_version>
         <product_urn>JSEZ9-007-ZZZZ</product_urn>
         <product_parent_urn>urn:uuid:dc1704fe-264f-11dc-9482-080020a9ed93</product_parent_urn>
         <product_parent>Java Platform Standard Edition 7 (Java SE 7)</product_parent>
         <product_defined_inst_id>id=1.7.0_04-b22 x86,dir=C:\Program Files (x86)\Java\jdk1.7.0_04\jre</product_defined_inst_id>
         <product_vendor>Oracle Corporation</product_vendor>
         <platform_arch>x86</platform_arch>
         <timestamp>2016-04-02 17:27:36 GMT</timestamp>
         <container>global</container>
         <source>Windows JDK i586 installer</source>
         <installer_uid>-1</installer_uid>
      </service_tag>
   </registry>
</registration_data>
